First Name,Last Name,Birthday,Phone,Email,Twitter,Facebook,LinkedIn,Googple Plus,Github,Address 1,Address 2,City,State,Postal Code,Country,Company,Title,Company Address 1,Company Address 2,Company City,Company State,Company Postal Code,Company Country,User Id
Colten,Von,1987-02-01,462.856.1037,colten.von.0@example.com,http://www.twitter.com/colten_0_sample,http://www.facebook.com/colten_0_sample,http://www.linkedin.com/in/colten_0_sample,http://gplus.google.com/posts/colten_0_sample,http://www.github.com/colten_0_sample,99076 Labadie Walks,Suite 796,East Yoshiko,KY,62104-9191,USA,Hermiston Group,Investor Program Orchestrator,665 Orin Branch,Suite 336,Robelmouth,NY,46036,USA,1
Damian,Luettgen,1987-02-01,312-425-9768,damian.luettgen.1@example.com,http://www.twitter.com/damian_1_sample,http://www.facebook.com/damian_1_sample,http://www.linkedin.com/in/damian_1_sample,http://gplus.google.com/posts/damian_1_sample,http://www.github.com/damian_1_sample,91753 Vernie Gardens,Apt. 237,Hermistonchester,MO,33627-1752,USA,"Hagenes, Hirthe and OConner",Customer Functionality Executive,2432 Kaley Cape,Suite 246,Walterchester,AS,50965,USA,1
Eldred,Glover,1987-02-01,1-111-580-1065 x92655,eldred.glover.2@example.com,http://www.twitter.com/eldred_2_sample,http://www.facebook.com/eldred_2_sample,http://www.linkedin.com/in/eldred_2_sample,http://gplus.google.com/posts/eldred_2_sample,http://www.github.com/eldred_2_sample,68032 Schneider Squares,Apt. 590,Port Tyriqueview,SC,59067,USA,Simonis-Howe,International Paradigm Designer,384 Abbigail Union,Suite 716,West Angelberg,PW,86200,USA,1
Naomie,Wisoky,1987-02-01,(538)061-1100,naomie.wisoky.3@example.com,http://www.twitter.com/naomie_3_sample,http://www.facebook.com/naomie_3_sample,http://www.linkedin.com/in/naomie_3_sample,http://gplus.google.com/posts/naomie_3_sample,http://www.github.com/naomie_3_sample,24393 Cassin Parkways,Apt. 581,West Cathy,NC,31985,USA,"Barton, Stroman and Fritsch",Central Identity Officer,91686 Kovacek Locks,Suite 797,Robertsside,TX,90602,USA,1
Alysson,Mann,1987-02-01,389-570-3697 x8207,alysson.mann.4@example.com,http://www.twitter.com/alysson_4_sample,http://www.facebook.com/alysson_4_sample,http://www.linkedin.com/in/alysson_4_sample,http://gplus.google.com/posts/alysson_4_sample,http://www.github.com/alysson_4_sample,5741 Pfeffer Parks,Suite 477,Stephanybury,WA,69036-0318,USA,Koch-Lueilwitz,National Accountability Administrator,22731 Runte Mews,Suite 888,Kuhicside,NV,84697-9628,USA,1
Theo,Metz,1987-02-01,1-292-593-3422 x606,theo.metz.5@example.com,http://www.twitter.com/theo_5_sample,http://www.facebook.com/theo_5_sample,http://www.linkedin.com/in/theo_5_sample,http://gplus.google.com/posts/theo_5_sample,http://www.github.com/theo_5_sample,7670 Roberts Tunnel,Suite 172,Wolffbury,TN,53623-5945,USA,"Hettinger, Lemke and Altenwerth",Lead Usability Developer,784 Carlo Burg,Apt. 791,Lake Colin,TX,49396-8688,USA,1
Manuela,Stoltenberg,1987-02-01,200-527-3844 x57422,manuela.stoltenberg.6@example.com,http://www.twitter.com/manuela_6_sample,http://www.facebook.com/manuela_6_sample,http://www.linkedin.com/in/manuela_6_sample,http://gplus.google.com/posts/manuela_6_sample,http://www.github.com/manuela_6_sample,6318 Joany Creek,Apt. 239,Port Adelle,CT,78419-4151,USA,"Krajcik, Hartmann and Dicki",Forward Communications Administrator,24737 Ruecker Cove,Apt. 423,Zulauffurt,GA,17940-8958,USA,1
Chaim,Yundt,1987-02-01,(929)439-3620 x512,chaim.yundt.7@example.com,http://www.twitter.com/chaim_7_sample,http://www.facebook.com/chaim_7_sample,http://www.linkedin.com/in/chaim_7_sample,http://gplus.google.com/posts/chaim_7_sample,http://www.github.com/chaim_7_sample,7843 Leta Valley,Apt. 757,Kuvalistown,MI,78699,USA,Emard-Denesik,International Accounts Technician,41078 Kelvin Vista,Suite 788,Lake Loyce,DE,74252-9372,USA,1
Jerald,Von,1987-02-01,1-588-205-6731 x4038,jerald.von.8@example.com,http://www.twitter.com/jerald_8_sample,http://www.facebook.com/jerald_8_sample,http://www.linkedin.com/in/jerald_8_sample,http://gplus.google.com/posts/jerald_8_sample,http://www.github.com/jerald_8_sample,1490 Hauck Orchard,Suite 272,Lake Nelsonmouth,WV,17764-2874,USA,Mosciski and Sons,Regional Operations Analyst,55729 Koepp Meadow,Suite 561,East Janisside,LA,85352-0989,USA,1
Shanelle,Green,1987-02-01,283.411.2403,shanelle.green.9@example.com,http://www.twitter.com/shanelle_9_sample,http://www.facebook.com/shanelle_9_sample,http://www.linkedin.com/in/shanelle_9_sample,http://gplus.google.com/posts/shanelle_9_sample,http://www.github.com/shanelle_9_sample,59922 Runte Cove,Apt. 822,Kennaport,RI,21505-8118,USA,Kessler-Hayes,Dynamic Communications Executive,40311 Bednar Branch,Suite 751,Leschview,FL,97031,USA,1
